Project,Company Name,Item Category,Item Group,Item Country,Item,Quantity,Amount (USD),Account Sid,Account Type,Parent SID,Month,Year,Invoice Number
All Accounts Combined,All Accounts Combined,Service,Text to Speech,United States,Amazon Polly Characters,90,$0.07,All Accounts Combined,All Accounts Combined,None,01,2026,HAWSGN-2026-01
All Accounts Combined,All Accounts Combined,Service,Programmable Messaging,Non Geographic,Messaging Channels Outbound Message,235,$1.18,All Accounts Combined,All Accounts Combined,None,01,2026,HAWSGN-2026-01
All Accounts Combined,All Accounts Combined,Service,Programmable Messaging,Non Geographic,Messaging Channels Inbound Message,67,$0.34,All Accounts Combined,All Accounts Combined,None,01,2026,HAWSGN-2026-01
All Accounts Combined,All Accounts Combined,Service,Programmable Messaging,Malaysia,WhatsApp Template Utility - Malaysia,63,$0.88,All Accounts Combined,All Accounts Combined,None,01,2026,HAWSGN-2026-01
All Accounts Combined,All Accounts Combined,Service,Programmable Messaging,Non Geographic,Failed Message Processing Fee,56,$0.06,All Accounts Combined,All Accounts Combined,None,01,2026,HAWSGN-2026-01
All Accounts Combined,All Accounts Combined,Service,Client Calls,Non Geographic,Twilio Client Minutes,"3,048",$12.19,All Accounts Combined,All Accounts Combined,None,01,2026,HAWSGN-2026-01
All Accounts Combined,All Accounts Combined,Service,Voice Recordings,Non Geographic,Recording - TwiML <Record>,19,$0.05,All Accounts Combined,All Accounts Combined,None,01,2026,HAWSGN-2026-01
All Accounts Combined,All Accounts Combined,Service,Voice Recordings,Non Geographic,Recording - Outbound API,"1,718",$4.30,All Accounts Combined,All Accounts Combined,None,01,2026,HAWSGN-2026-01
All Accounts Combined,All Accounts Combined,Service,Voice Recordings,Non Geographic,Recording - API Start Call,2,$0.01,All Accounts Combined,All Accounts Combined,None,01,2026,HAWSGN-2026-01
All Accounts Combined,All Accounts Combined,Service,Voice Recordings,Non Geographic,Recording - TwiML <Dial>/<Recording>,72,$0.18,All Accounts Combined,All Accounts Combined,None,01,2026,HAWSGN-2026-01
All Accounts Combined,All Accounts Combined,Service,Sip Calls,Non Geographic,SIP Out Minutes,2,$0.01,All Accounts Combined,All Accounts Combined,None,01,2026,HAWSGN-2026-01
All Accounts Combined,All Accounts Combined,Service,Phone Numbers,Malaysia,MALAYSIA Local Phone Number,17,$68.00,All Accounts Combined,All Accounts Combined,None,01,2026,HAWSGN-2026-01
All Accounts Combined,All Accounts Combined,Service,Calls,Malaysia,MALAYSIA Local Incoming Minutes,173,$4.98,All Accounts Combined,All Accounts Combined,None,01,2026,HAWSGN-2026-01
All Accounts Combined,All Accounts Combined,Service,Calls,France,Programmable Outbound Minute - France - Mobile - SFR,1,$0.16,All Accounts Combined,All Accounts Combined,None,01,2026,HAWSGN-2026-01
All Accounts Combined,All Accounts Combined,Service,Calls,Malaysia,Programmable Outbound Minute - Malaysia,4,$0.20,All Accounts Combined,All Accounts Combined,None,01,2026,HAWSGN-2026-01
All Accounts Combined,All Accounts Combined,Service,Calls,Malaysia,Programmable Outbound Minute - Malaysia - Mobile,"1,791",$143.28,All Accounts Combined,All Accounts Combined,None,01,2026,HAWSGN-2026-01
All Accounts Combined,All Accounts Combined,Service,Conference,Singapore,Conference Minute - APAC - Singapore,"4,752",$14.26,All Accounts Combined,All Accounts Combined,None,01,2026,HAWSGN-2026-01
Pakar Angsana Sdn Bhd,MNC Tech Sdn Bhd,Service,Text to Speech,United States,Amazon Polly Characters,2,$0.00,AC46c5cf88d38c21cb997b76fe8d32c9e7,Subaccount,Some(ACeffb3d53086e4840abb2d8ed8a420e5b),01,2026,HAWSGN-2026-01
Pakar Angsana Sdn Bhd,MNC Tech Sdn Bhd,Service,Programmable Messaging,Non Geographic,Failed Message Processing Fee,17,$0.02,AC46c5cf88d38c21cb997b76fe8d32c9e7,Subaccount,Some(ACeffb3d53086e4840abb2d8ed8a420e5b),01,2026,HAWSGN-2026-01
Pakar Angsana Sdn Bhd,MNC Tech Sdn Bhd,Service,Client Calls,Non Geographic,Twilio Client Minutes,3,$0.01,AC46c5cf88d38c21cb997b76fe8d32c9e7,Subaccount,Some(ACeffb3d53086e4840abb2d8ed8a420e5b),01,2026,HAWSGN-2026-01
Pakar Angsana Sdn Bhd,MNC Tech Sdn Bhd,Service,Voice Recordings,Non Geographic,Recording - Outbound API,1,$0.00,AC46c5cf88d38c21cb997b76fe8d32c9e7,Subaccount,Some(ACeffb3d53086e4840abb2d8ed8a420e5b),01,2026,HAWSGN-2026-01
Pakar Angsana Sdn Bhd,MNC Tech Sdn Bhd,Service,Phone Numbers,Malaysia,MALAYSIA Local Phone Number,1,$4.00,AC46c5cf88d38c21cb997b76fe8d32c9e7,Subaccount,Some(ACeffb3d53086e4840abb2d8ed8a420e5b),01,2026,HAWSGN-2026-01
Pakar Angsana Sdn Bhd,MNC Tech Sdn Bhd,Service,Calls,Malaysia,Programmable Outbound Minute - Malaysia - Mobile,1,$0.08,AC46c5cf88d38c21cb997b76fe8d32c9e7,Subaccount,Some(ACeffb3d53086e4840abb2d8ed8a420e5b),01,2026,HAWSGN-2026-01
Pakar Angsana Sdn Bhd,MNC Tech Sdn Bhd,Service,Calls,Malaysia,MALAYSIA Local Incoming Minutes,2,$0.06,AC46c5cf88d38c21cb997b76fe8d32c9e7,Subaccount,Some(ACeffb3d53086e4840abb2d8ed8a420e5b),01,2026,HAWSGN-2026-01
Pakar Angsana Sdn Bhd,MNC Tech Sdn Bhd,Service,Conference,Singapore,Conference Minute - APAC - Singapore,4,$0.01,AC46c5cf88d38c21cb997b76fe8d32c9e7,Subaccount,Some(ACeffb3d53086e4840abb2d8ed8a420e5b),01,2026,HAWSGN-2026-01
SunSuria City,MNC Tech Sdn Bhd,Service,Text to Speech,United States,Amazon Polly Characters,17,$0.01,AC53f739a5de9da58cd87f2f8c08d42f02,Subaccount,Some(ACeffb3d53086e4840abb2d8ed8a420e5b),01,2026,HAWSGN-2026-01
SunSuria City,MNC Tech Sdn Bhd,Service,Client Calls,Non Geographic,Twilio Client Minutes,366,$1.46,AC53f739a5de9da58cd87f2f8c08d42f02,Subaccount,Some(ACeffb3d53086e4840abb2d8ed8a420e5b),01,2026,HAWSGN-2026-01
SunSuria City,MNC Tech Sdn Bhd,Service,Voice Recordings,Non Geographic,Recording - TwiML <Dial>/<Recording>,3,$0.01,AC53f739a5de9da58cd87f2f8c08d42f02,Subaccount,Some(ACeffb3d53086e4840abb2d8ed8a420e5b),01,2026,HAWSGN-2026-01
SunSuria City,MNC Tech Sdn Bhd,Service,Voice Recordings,Non Geographic,Recording - Outbound API,220,$0.55,AC53f739a5de9da58cd87f2f8c08d42f02,Subaccount,Some(ACeffb3d53086e4840abb2d8ed8a420e5b),01,2026,HAWSGN-2026-01
SunSuria City,MNC Tech Sdn Bhd,Service,Phone Numbers,Malaysia,MALAYSIA Local Phone Number,1,$4.00,AC53f739a5de9da58cd87f2f8c08d42f02,Subaccount,Some(ACeffb3d53086e4840abb2d8ed8a420e5b),01,2026,HAWSGN-2026-01
SunSuria City,MNC Tech Sdn Bhd,Service,Calls,Malaysia,MALAYSIA Local Incoming Minutes,18,$0.52,AC53f739a5de9da58cd87f2f8c08d42f02,Subaccount,Some(ACeffb3d53086e4840abb2d8ed8a420e5b),01,2026,HAWSGN-2026-01
SunSuria City,MNC Tech Sdn Bhd,Service,Calls,Malaysia,Programmable Outbound Minute - Malaysia - Mobile,223,$17.84,AC53f739a5de9da58cd87f2f8c08d42f02,Subaccount,Some(ACeffb3d53086e4840abb2d8ed8a420e5b),01,2026,HAWSGN-2026-01
SunSuria City,MNC Tech Sdn Bhd,Service,Conference,Singapore,Conference Minute - APAC - Singapore,586,$1.76,AC53f739a5de9da58cd87f2f8c08d42f02,Subaccount,Some(ACeffb3d53086e4840abb2d8ed8a420e5b),01,2026,HAWSGN-2026-01
Pangsapuri Azalea,MNC Tech Sdn Bhd,Service,Phone Numbers,Malaysia,MALAYSIA Local Phone Number,1,$4.00,AC5736462d5d66fe34587bb3fb65c9bb83,Subaccount,Some(ACeffb3d53086e4840abb2d8ed8a420e5b),01,2026,HAWSGN-2026-01
OCR Group Berhad,MNC Tech Sdn Bhd,Service,Text to Speech,United States,Amazon Polly Characters,18,$0.01,AC5fc5ef6b1a09d14b250e0f7e5b5b98ed,Subaccount,Some(ACeffb3d53086e4840abb2d8ed8a420e5b),01,2026,HAWSGN-2026-01
OCR Group Berhad,MNC Tech Sdn Bhd,Service,Client Calls,Non Geographic,Twilio Client Minutes,349,$1.40,AC5fc5ef6b1a09d14b250e0f7e5b5b98ed,Subaccount,Some(ACeffb3d53086e4840abb2d8ed8a420e5b),01,2026,HAWSGN-2026-01
OCR Group Berhad,MNC Tech Sdn Bhd,Service,Voice Recordings,Non Geographic,Recording - Outbound API,240,$0.60,AC5fc5ef6b1a09d14b250e0f7e5b5b98ed,Subaccount,Some(ACeffb3d53086e4840abb2d8ed8a420e5b),01,2026,HAWSGN-2026-01
OCR Group Berhad,MNC Tech Sdn Bhd,Service,Voice Recordings,Non Geographic,Recording - TwiML <Dial>/<Recording>,10,$0.03,AC5fc5ef6b1a09d14b250e0f7e5b5b98ed,Subaccount,Some(ACeffb3d53086e4840abb2d8ed8a420e5b),01,2026,HAWSGN-2026-01
OCR Group Berhad,MNC Tech Sdn Bhd,Service,Phone Numbers,Malaysia,MALAYSIA Local Phone Number,1,$4.00,AC5fc5ef6b1a09d14b250e0f7e5b5b98ed,Subaccount,Some(ACeffb3d53086e4840abb2d8ed8a420e5b),01,2026,HAWSGN-2026-01
OCR Group Berhad,MNC Tech Sdn Bhd,Service,Calls,Malaysia,MALAYSIA Local Incoming Minutes,24,$0.69,AC5fc5ef6b1a09d14b250e0f7e5b5b98ed,Subaccount,Some(ACeffb3d53086e4840abb2d8ed8a420e5b),01,2026,HAWSGN-2026-01
OCR Group Berhad,MNC Tech Sdn Bhd,Service,Calls,Malaysia,Programmable Outbound Minute - Malaysia - Mobile,250,$20.00,AC5fc5ef6b1a09d14b250e0f7e5b5b98ed,Subaccount,Some(ACeffb3d53086e4840abb2d8ed8a420e5b),01,2026,HAWSGN-2026-01
OCR Group Berhad,MNC Tech Sdn Bhd,Service,Conference,Singapore,Conference Minute - APAC - Singapore,588,$1.76,AC5fc5ef6b1a09d14b250e0f7e5b5b98ed,Subaccount,Some(ACeffb3d53086e4840abb2d8ed8a420e5b),01,2026,HAWSGN-2026-01
SunSuria Forum,MNC Tech Sdn Bhd,Service,Text to Speech,United States,Amazon Polly Characters,32,$0.03,AC7b88b74562d8c3af1dd9f708e7bfe10b,Subaccount,Some(ACeffb3d53086e4840abb2d8ed8a420e5b),01,2026,HAWSGN-2026-01
SunSuria Forum,MNC Tech Sdn Bhd,Service,Client Calls,Non Geographic,Twilio Client Minutes,519,$2.08,AC7b88b74562d8c3af1dd9f708e7bfe10b,Subaccount,Some(ACeffb3d53086e4840abb2d8ed8a420e5b),01,2026,HAWSGN-2026-01
SunSuria Forum,MNC Tech Sdn Bhd,Service,Voice Recordings,Non Geographic,Recording - TwiML <Dial>/<Recording>,3,$0.01,AC7b88b74562d8c3af1dd9f708e7bfe10b,Subaccount,Some(ACeffb3d53086e4840abb2d8ed8a420e5b),01,2026,HAWSGN-2026-01
SunSuria Forum,MNC Tech Sdn Bhd,Service,Voice Recordings,Non Geographic,Recording - Outbound API,305,$0.76,AC7b88b74562d8c3af1dd9f708e7bfe10b,Subaccount,Some(ACeffb3d53086e4840abb2d8ed8a420e5b),01,2026,HAWSGN-2026-01
SunSuria Forum,MNC Tech Sdn Bhd,Service,Phone Numbers,Malaysia,MALAYSIA Local Phone Number,1,$4.00,AC7b88b74562d8c3af1dd9f708e7bfe10b,Subaccount,Some(ACeffb3d53086e4840abb2d8ed8a420e5b),01,2026,HAWSGN-2026-01
SunSuria Forum,MNC Tech Sdn Bhd,Service,Calls,Malaysia,MALAYSIA Local Incoming Minutes,33,$0.95,AC7b88b74562d8c3af1dd9f708e7bfe10b,Subaccount,Some(ACeffb3d53086e4840abb2d8ed8a420e5b),01,2026,HAWSGN-2026-01
SunSuria Forum,MNC Tech Sdn Bhd,Service,Calls,Malaysia,Programmable Outbound Minute - Malaysia - Mobile,310,$24.80,AC7b88b74562d8c3af1dd9f708e7bfe10b,Subaccount,Some(ACeffb3d53086e4840abb2d8ed8a420e5b),01,2026,HAWSGN-2026-01
SunSuria Forum,MNC Tech Sdn Bhd,Service,Conference,Singapore,Conference Minute - APAC - Singapore,824,$2.47,AC7b88b74562d8c3af1dd9f708e7bfe10b,Subaccount,Some(ACeffb3d53086e4840abb2d8ed8a420e5b),01,2026,HAWSGN-2026-01
Berjaya Hills Berhad,MNC Tech Sdn Bhd,Service,Phone Numbers,Malaysia,MALAYSIA Local Phone Number,1,$4.00,AC85945677efaff189e4bea2149576c8d9,Subaccount,Some(ACeffb3d53086e4840abb2d8ed8a420e5b),01,2026,HAWSGN-2026-01
Suez Capital Sdn Bhd,MNC Tech Sdn Bhd,Service,Phone Numbers,Malaysia,MALAYSIA Local Phone Number,4,$16.00,AC9906e1973b5c263fe425965806a4cd94,Subaccount,Some(ACeffb3d53086e4840abb2d8ed8a420e5b),01,2026,HAWSGN-2026-01
Suez Capital Sdn Bhd,MNC Tech Sdn Bhd,Service,Voice Recordings,Non Geographic,Recording - TwiML <Dial>/<Recording>,4,$0.01,AC9906e1973b5c263fe425965806a4cd94,Subaccount,Some(ACeffb3d53086e4840abb2d8ed8a420e5b),01,2026,HAWSGN-2026-01
Suez Capital Sdn Bhd,MNC Tech Sdn Bhd,Service,Calls,Malaysia,Programmable Outbound Minute - Malaysia - Mobile,4,$0.32,AC9906e1973b5c263fe425965806a4cd94,Subaccount,Some(ACeffb3d53086e4840abb2d8ed8a420e5b),01,2026,HAWSGN-2026-01
Suez Capital Sdn Bhd,MNC Tech Sdn Bhd,Service,Calls,Malaysia,MALAYSIA Local Incoming Minutes,5,$0.14,AC9906e1973b5c263fe425965806a4cd94,Subaccount,Some(ACeffb3d53086e4840abb2d8ed8a420e5b),01,2026,HAWSGN-2026-01
Suez Capital Sdn Bhd,MNC Tech Sdn Bhd,Service,Text to Speech,United States,Amazon Polly Characters,5,$0.00,AC9906e1973b5c263fe425965806a4cd94,Subaccount,Some(ACeffb3d53086e4840abb2d8ed8a420e5b),01,2026,HAWSGN-2026-01
Seputeh Heights,MNC Tech Sdn Bhd,Service,Phone Numbers,Malaysia,MALAYSIA Local Phone Number,1,$4.00,ACade6dcbc4f74e48f43b24e98a8ef7bab,Subaccount,Some(ACeffb3d53086e4840abb2d8ed8a420e5b),01,2026,HAWSGN-2026-01
Seputeh Heights,MNC Tech Sdn Bhd,Service,Voice Recordings,Non Geographic,Recording - TwiML <Dial>/<Recording>,2,$0.01,ACade6dcbc4f74e48f43b24e98a8ef7bab,Subaccount,Some(ACeffb3d53086e4840abb2d8ed8a420e5b),01,2026,HAWSGN-2026-01
Seputeh Heights,MNC Tech Sdn Bhd,Service,Calls,Malaysia,MALAYSIA Local Incoming Minutes,2,$0.06,ACade6dcbc4f74e48f43b24e98a8ef7bab,Subaccount,Some(ACeffb3d53086e4840abb2d8ed8a420e5b),01,2026,HAWSGN-2026-01
Seputeh Heights,MNC Tech Sdn Bhd,Service,Calls,Malaysia,Programmable Outbound Minute - Malaysia - Mobile,2,$0.16,ACade6dcbc4f74e48f43b24e98a8ef7bab,Subaccount,Some(ACeffb3d53086e4840abb2d8ed8a420e5b),01,2026,HAWSGN-2026-01
Seputeh Heights,MNC Tech Sdn Bhd,Service,Text to Speech,United States,Amazon Polly Characters,2,$0.00,ACade6dcbc4f74e48f43b24e98a8ef7bab,Subaccount,Some(ACeffb3d53086e4840abb2d8ed8a420e5b),01,2026,HAWSGN-2026-01
One Residence Sdn Bhd,MNC Tech Sdn Bhd,Service,Programmable Messaging,Malaysia,WhatsApp Template Utility - Malaysia,63,$0.88,ACca73e5834d56cc841d1ba7cb07aad201,Subaccount,Some(ACeffb3d53086e4840abb2d8ed8a420e5b),01,2026,HAWSGN-2026-01
One Residence Sdn Bhd,MNC Tech Sdn Bhd,Service,Programmable Messaging,Non Geographic,Messaging Channels Inbound Message,64,$0.32,ACca73e5834d56cc841d1ba7cb07aad201,Subaccount,Some(ACeffb3d53086e4840abb2d8ed8a420e5b),01,2026,HAWSGN-2026-01
One Residence Sdn Bhd,MNC Tech Sdn Bhd,Service,Programmable Messaging,Non Geographic,Messaging Channels Outbound Message,235,$1.18,ACca73e5834d56cc841d1ba7cb07aad201,Subaccount,Some(ACeffb3d53086e4840abb2d8ed8a420e5b),01,2026,HAWSGN-2026-01
Orando Holdings,MNC Tech Sdn Bhd,Service,Text to Speech,United States,Amazon Polly Characters,9,$0.01,ACcf75e777548d08d169c41f97bd6ec0ef,Subaccount,Some(ACeffb3d53086e4840abb2d8ed8a420e5b),01,2026,HAWSGN-2026-01
Orando Holdings,MNC Tech Sdn Bhd,Service,Programmable Messaging,Non Geographic,Failed Message Processing Fee,2,$0.00,ACcf75e777548d08d169c41f97bd6ec0ef,Subaccount,Some(ACeffb3d53086e4840abb2d8ed8a420e5b),01,2026,HAWSGN-2026-01
Orando Holdings,MNC Tech Sdn Bhd,Service,Client Calls,Non Geographic,Twilio Client Minutes,19,$0.08,ACcf75e777548d08d169c41f97bd6ec0ef,Subaccount,Some(ACeffb3d53086e4840abb2d8ed8a420e5b),01,2026,HAWSGN-2026-01
Orando Holdings,MNC Tech Sdn Bhd,Service,Voice Recordings,Non Geographic,Recording - TwiML <Dial>/<Recording>,4,$0.01,ACcf75e777548d08d169c41f97bd6ec0ef,Subaccount,Some(ACeffb3d53086e4840abb2d8ed8a420e5b),01,2026,HAWSGN-2026-01
Orando Holdings,MNC Tech Sdn Bhd,Service,Voice Recordings,Non Geographic,Recording - Outbound API,9,$0.02,ACcf75e777548d08d169c41f97bd6ec0ef,Subaccount,Some(ACeffb3d53086e4840abb2d8ed8a420e5b),01,2026,HAWSGN-2026-01
Orando Holdings,MNC Tech Sdn Bhd,Service,Phone Numbers,Malaysia,MALAYSIA Local Phone Number,1,$4.00,ACcf75e777548d08d169c41f97bd6ec0ef,Subaccount,Some(ACeffb3d53086e4840abb2d8ed8a420e5b),01,2026,HAWSGN-2026-01
Orando Holdings,MNC Tech Sdn Bhd,Service,Calls,Malaysia,MALAYSIA Local Incoming Minutes,7,$0.20,ACcf75e777548d08d169c41f97bd6ec0ef,Subaccount,Some(ACeffb3d53086e4840abb2d8ed8a420e5b),01,2026,HAWSGN-2026-01
Orando Holdings,MNC Tech Sdn Bhd,Service,Calls,Malaysia,Programmable Outbound Minute - Malaysia - Mobile,13,$1.04,ACcf75e777548d08d169c41f97bd6ec0ef,Subaccount,Some(ACeffb3d53086e4840abb2d8ed8a420e5b),01,2026,HAWSGN-2026-01
Orando Holdings,MNC Tech Sdn Bhd,Service,Conference,Singapore,Conference Minute - APAC - Singapore,26,$0.08,ACcf75e777548d08d169c41f97bd6ec0ef,Subaccount,Some(ACeffb3d53086e4840abb2d8ed8a420e5b),01,2026,HAWSGN-2026-01
Demo,MNC Tech Sdn Bhd,Service,Programmable Messaging,Non Geographic,Messaging Channels Inbound Message,3,$0.02,ACe217c9267706083594bb2a4cf26b2ae5,Subaccount,Some(ACeffb3d53086e4840abb2d8ed8a420e5b),01,2026,HAWSGN-2026-01
Demo,MNC Tech Sdn Bhd,Service,Programmable Messaging,Non Geographic,Failed Message Processing Fee,1,$0.00,ACe217c9267706083594bb2a4cf26b2ae5,Subaccount,Some(ACeffb3d53086e4840abb2d8ed8a420e5b),01,2026,HAWSGN-2026-01
Demo,MNC Tech Sdn Bhd,Service,Voice Recordings,Non Geographic,Recording - API Start Call,2,$0.01,ACe217c9267706083594bb2a4cf26b2ae5,Subaccount,Some(ACeffb3d53086e4840abb2d8ed8a420e5b),01,2026,HAWSGN-2026-01
Demo,MNC Tech Sdn Bhd,Service,Sip Calls,Non Geographic,SIP Out Minutes,2,$0.01,ACe217c9267706083594bb2a4cf26b2ae5,Subaccount,Some(ACeffb3d53086e4840abb2d8ed8a420e5b),01,2026,HAWSGN-2026-01
Demo,MNC Tech Sdn Bhd,Service,Phone Numbers,Malaysia,MALAYSIA Local Phone Number,2,$8.00,ACe217c9267706083594bb2a4cf26b2ae5,Subaccount,Some(ACeffb3d53086e4840abb2d8ed8a420e5b),01,2026,HAWSGN-2026-01
Demo,MNC Tech Sdn Bhd,Service,Calls,Malaysia,Programmable Outbound Minute - Malaysia - Mobile,1,$0.08,ACe217c9267706083594bb2a4cf26b2ae5,Subaccount,Some(ACeffb3d53086e4840abb2d8ed8a420e5b),01,2026,HAWSGN-2026-01
Demo,MNC Tech Sdn Bhd,Service,Calls,Malaysia,MALAYSIA Local Incoming Minutes,1,$0.03,ACe217c9267706083594bb2a4cf26b2ae5,Subaccount,Some(ACeffb3d53086e4840abb2d8ed8a420e5b),01,2026,HAWSGN-2026-01
The Peak,MNC Tech Sdn Bhd,Service,Phone Numbers,Malaysia,MALAYSIA Local Phone Number,1,$4.00,ACe7a0bec64c9bfdd2ff4b0df2aaad62e2,Subaccount,Some(ACeffb3d53086e4840abb2d8ed8a420e5b),01,2026,HAWSGN-2026-01
The Peak,MNC Tech Sdn Bhd,Service,Voice Recordings,Non Geographic,Recording - TwiML <Dial>/<Recording>,12,$0.03,ACe7a0bec64c9bfdd2ff4b0df2aaad62e2,Subaccount,Some(ACeffb3d53086e4840abb2d8ed8a420e5b),01,2026,HAWSGN-2026-01
The Peak,MNC Tech Sdn Bhd,Service,Calls,Malaysia,MALAYSIA Local Incoming Minutes,13,$0.37,ACe7a0bec64c9bfdd2ff4b0df2aaad62e2,Subaccount,Some(ACeffb3d53086e4840abb2d8ed8a420e5b),01,2026,HAWSGN-2026-01
The Peak,MNC Tech Sdn Bhd,Service,Calls,Malaysia,Programmable Outbound Minute - Malaysia - Mobile,12,$0.96,ACe7a0bec64c9bfdd2ff4b0df2aaad62e2,Subaccount,Some(ACeffb3d53086e4840abb2d8ed8a420e5b),01,2026,HAWSGN-2026-01
The Peak,MNC Tech Sdn Bhd,Service,Text to Speech,United States,Amazon Polly Characters,5,$0.00,ACe7a0bec64c9bfdd2ff4b0df2aaad62e2,Subaccount,Some(ACeffb3d53086e4840abb2d8ed8a420e5b),01,2026,HAWSGN-2026-01
Bangsar Hillpark,MNC Tech Sdn Bhd,Service,Programmable Messaging,Non Geographic,Failed Message Processing Fee,36,$0.04,ACfb263ff615f5f459a0e8784eca1ba87e,Subaccount,Some(ACeffb3d53086e4840abb2d8ed8a420e5b),01,2026,HAWSGN-2026-01
Bangsar Hillpark,MNC Tech Sdn Bhd,Service,Client Calls,Non Geographic,Twilio Client Minutes,"1,792",$7.17,ACfb263ff615f5f459a0e8784eca1ba87e,Subaccount,Some(ACeffb3d53086e4840abb2d8ed8a420e5b),01,2026,HAWSGN-2026-01
Bangsar Hillpark,MNC Tech Sdn Bhd,Service,Voice Recordings,Non Geographic,Recording - TwiML <Record>,19,$0.05,ACfb263ff615f5f459a0e8784eca1ba87e,Subaccount,Some(ACeffb3d53086e4840abb2d8ed8a420e5b),01,2026,HAWSGN-2026-01
Bangsar Hillpark,MNC Tech Sdn Bhd,Service,Voice Recordings,Non Geographic,Recording - Outbound API,943,$2.36,ACfb263ff615f5f459a0e8784eca1ba87e,Subaccount,Some(ACeffb3d53086e4840abb2d8ed8a420e5b),01,2026,HAWSGN-2026-01
Bangsar Hillpark,MNC Tech Sdn Bhd,Service,Voice Recordings,Non Geographic,Recording - TwiML <Dial>/<Recording>,34,$0.09,ACfb263ff615f5f459a0e8784eca1ba87e,Subaccount,Some(ACeffb3d53086e4840abb2d8ed8a420e5b),01,2026,HAWSGN-2026-01
Bangsar Hillpark,MNC Tech Sdn Bhd,Service,Phone Numbers,Malaysia,MALAYSIA Local Phone Number,2,$8.00,ACfb263ff615f5f459a0e8784eca1ba87e,Subaccount,Some(ACeffb3d53086e4840abb2d8ed8a420e5b),01,2026,HAWSGN-2026-01
Bangsar Hillpark,MNC Tech Sdn Bhd,Service,Calls,Malaysia,Programmable Outbound Minute - Malaysia,4,$0.20,ACfb263ff615f5f459a0e8784eca1ba87e,Subaccount,Some(ACeffb3d53086e4840abb2d8ed8a420e5b),01,2026,HAWSGN-2026-01
Bangsar Hillpark,MNC Tech Sdn Bhd,Service,Calls,France,Programmable Outbound Minute - France - Mobile - SFR,1,$0.16,ACfb263ff615f5f459a0e8784eca1ba87e,Subaccount,Some(ACeffb3d53086e4840abb2d8ed8a420e5b),01,2026,HAWSGN-2026-01
Bangsar Hillpark,MNC Tech Sdn Bhd,Service,Calls,Malaysia,MALAYSIA Local Incoming Minutes,68,$1.96,ACfb263ff615f5f459a0e8784eca1ba87e,Subaccount,Some(ACeffb3d53086e4840abb2d8ed8a420e5b),01,2026,HAWSGN-2026-01
Bangsar Hillpark,MNC Tech Sdn Bhd,Service,Calls,Malaysia,Programmable Outbound Minute - Malaysia - Mobile,975,$78.00,ACfb263ff615f5f459a0e8784eca1ba87e,Subaccount,Some(ACeffb3d53086e4840abb2d8ed8a420e5b),01,2026,HAWSGN-2026-01
Bangsar Hillpark,MNC Tech Sdn Bhd,Service,Conference,Singapore,Conference Minute - APAC - Singapore,"2,724",$8.17,ACfb263ff615f5f459a0e8784eca1ba87e,Subaccount,Some(ACeffb3d53086e4840abb2d8ed8a420e5b),01,2026,HAWSGN-2026-01
